ts,adc_raw,temp,humidity,label

2025-11-23 19:12:40,185.0,0.0,0.0,2
2025-11-23 19:12:42,189.0,0.0,0.0,2
2025-11-23 19:12:44,222.0,0.0,0.0,2
2025-11-23 19:12:46,197.0,0.0,0.0,2
2025-11-23 19:12:48,185.0,0.0,0.0,2
2025-11-23 19:12:50,183.0,0.0,0.0,2
2025-11-23 19:12:52,757.0,0.0,0.0,2
2025-11-23 19:12:54,3792.0,0.0,0.0,3
2025-11-23 19:12:56,2473.0,0.0,0.0,3
2025-11-23 19:12:59,4095.0,0.0,0.0,3
2025-11-23 19:13:01,2719.0,0.0,0.0,3
2025-11-23 19:13:03,1842.0,0.0,0.0,3
2025-11-23 19:13:05,1281.0,0.0,0.0,3
2025-11-23 19:13:07,1010.0,0.0,0.0,3
2025-11-23 19:13:09,1023.0,0.0,0.0,3
2025-11-23 19:13:11,912.0,0.0,0.0,3
2025-11-23 19:13:13,733.0,0.0,0.0,2
2025-11-23 19:13:15,717.0,0.0,0.0,2
2025-11-23 19:13:17,583.0,0.0,0.0,2
2025-11-23 19:13:20,471.0,0.0,0.0,2
2025-11-23 19:13:22,421.0,0.0,0.0,2
2025-11-23 19:13:24,413.0,0.0,0.0,2
2025-11-23 19:13:26,394.0,0.0,0.0,2
2025-11-23 19:13:28,365.0,0.0,0.0,2
2025-11-23 19:13:30,352.0,0.0,0.0,2
2025-11-23 19:13:32,407.0,0.0,0.0,2
2025-11-23 19:13:34,387.0,0.0,0.0,2
2025-11-23 19:13:36,390.0,0.0,0.0,2
2025-11-23 19:13:38,356.0,0.0,0.0,2
2025-11-23 19:13:40,320.0,0.0,0.0,2
2025-11-23 19:13:43,304.0,0.0,0.0,2
2025-11-23 19:13:45,294.0,0.0,0.0,2
2025-11-23 19:13:47,302.0,0.0,0.0,2
2025-11-23 19:13:49,284.0,0.0,0.0,2
2025-11-23 19:13:51,276.0,0.0,0.0,2
2025-11-23 19:13:53,278.0,0.0,0.0,2
2025-11-23 19:13:55,272.0,0.0,0.0,2
2025-11-23 19:13:57,272.0,0.0,0.0,2
2025-11-23 19:13:59,262.0,0.0,0.0,2
2025-11-23 19:14:01,263.0,0.0,0.0,2
2025-11-23 19:14:03,256.0,0.0,0.0,2
2025-11-23 19:14:06,256.0,0.0,0.0,2
2025-11-23 19:14:08,243.0,0.0,0.0,2
2025-11-23 19:14:10,256.0,0.0,0.0,2
2025-11-23 19:14:12,3866.0,0.0,0.0,3
2025-11-23 19:14:14,2492.0,0.0,0.0,3
2025-11-23 19:14:16,2111.0,0.0,0.0,3
2025-11-23 19:14:18,1617.0,0.0,0.0,3
2025-11-23 19:14:20,1123.0,0.0,0.0,3
2025-11-23 19:14:22,863.0,0.0,0.0,3
2025-11-23 19:14:24,4095.0,0.0,0.0,3
2025-11-23 19:14:26,4095.0,0.0,0.0,3
2025-11-23 19:14:29,4095.0,0.0,0.0,3
2025-11-23 19:14:31,4095.0,0.0,0.0,3
2025-11-23 19:14:33,4095.0,0.0,0.0,3
2025-11-23 19:14:35,4095.0,0.0,0.0,3
2025-11-23 19:14:37,4095.0,0.0,0.0,3
2025-11-23 19:14:39,3055.0,0.0,0.0,3
2025-11-23 19:14:41,2145.0,0.0,0.0,3
2025-11-23 19:14:43,1635.0,0.0,0.0,3
2025-11-23 19:14:45,1294.0,0.0,0.0,3
2025-11-23 19:14:47,1094.0,0.0,0.0,3
2025-11-23 19:14:50,981.0,0.0,0.0,3
2025-11-23 19:14:52,905.0,0.0,0.0,3
2025-11-23 19:39:25,195.0,0.0,0.0,0
2025-11-23 19:39:27,199.0,0.0,0.0,0
2025-11-23 19:39:29,192.0,0.0,0.0,0
2025-11-23 19:39:31,192.0,0.0,0.0,0
2025-11-23 19:39:33,200.0,0.0,0.0,0
2025-11-23 19:39:35,217.0,0.0,0.0,1
2025-11-23 19:39:37,213.0,0.0,0.0,1
2025-11-23 19:39:39,222.0,0.0,0.0,1
2025-11-23 19:39:42,232.0,0.0,0.0,1
2025-11-23 19:39:44,2814.0,0.0,0.0,5
2025-11-23 19:39:46,2221.0,0.0,0.0,4
2025-11-23 19:39:48,1355.0,0.0,0.0,3
2025-11-23 19:39:50,845.0,0.0,0.0,3
2025-11-23 19:39:52,576.0,0.0,0.0,2
2025-11-23 19:39:54,473.0,0.0,0.0,2
2025-11-23 19:39:56,431.0,0.0,0.0,2
2025-11-23 19:39:58,363.0,0.0,0.0,1
2025-11-23 19:40:00,1738.0,0.0,0.0,4
2025-11-23 19:40:02,2505.0,0.0,0.0,4
2025-11-23 19:40:05,2309.0,0.0,0.0,4
2025-11-23 19:40:07,2194.0,0.0,0.0,4
2025-11-23 19:40:09,4095.0,0.0,0.0,5
2025-11-23 19:40:11,4095.0,0.0,0.0,5
2025-11-23 19:40:13,3057.0,0.0,0.0,5
2025-11-23 19:40:15,2602.0,0.0,0.0,5
2025-11-23 19:40:17,1918.0,0.0,0.0,4
2025-11-23 19:40:19,1324.0,0.0,0.0,3
2025-11-23 19:40:21,961.0,0.0,0.0,3
2025-11-23 19:40:23,775.0,0.0,0.0,2
2025-11-23 19:40:25,663.0,0.0,0.0,2
2025-11-23 19:40:28,577.0,0.0,0.0,2
2025-11-23 19:40:30,537.0,0.0,0.0,2
2025-11-23 19:40:32,486.0,0.0,0.0,2
2025-11-23 19:40:34,478.0,0.0,0.0,2
2025-11-23 19:40:36,455.0,0.0,0.0,2
2025-11-23 19:40:38,431.0,0.0,0.0,2
2025-11-23 19:40:40,407.0,0.0,0.0,2
2025-11-23 19:40:42,387.0,0.0,0.0,1
2025-11-23 19:40:44,394.0,0.0,0.0,1
2025-11-23 19:40:46,375.0,0.0,0.0,1
2025-11-23 19:40:48,355.0,0.0,0.0,1
2025-11-23 19:40:51,343.0,0.0,0.0,1
2025-11-23 19:40:53,336.0,0.0,0.0,1
2025-11-23 19:40:55,336.0,0.0,0.0,1
2025-11-23 19:40:57,336.0,0.0,0.0,1
2025-11-23 19:40:59,340.0,0.0,0.0,1
2025-11-23 19:41:01,333.0,0.0,0.0,1
2025-11-23 19:41:03,304.0,0.0,0.0,1
2025-11-23 19:41:05,317.0,0.0,0.0,1
2025-11-23 19:41:07,334.0,0.0,0.0,1
2025-11-23 19:41:09,306.0,0.0,0.0,1
2025-11-23 19:41:12,379.0,0.0,0.0,1
2025-11-23 19:41:14,322.0,0.0,0.0,1
2025-11-23 19:41:16,305.0,0.0,0.0,1
2025-11-23 19:41:18,277.0,0.0,0.0,1
2025-11-23 19:41:20,279.0,0.0,0.0,1
2025-11-23 19:41:22,275.0,0.0,0.0,1
2025-11-23 19:41:24,1105.0,0.0,0.0,3
2025-11-23 19:41:26,1281.0,0.0,0.0,3
2025-11-23 19:41:28,1235.0,0.0,0.0,3
2025-11-23 19:41:30,912.0,0.0,0.0,3
2025-11-23 19:41:32,3515.0,0.0,0.0,5
2025-11-23 19:41:35,2950.0,0.0,0.0,5
2025-11-23 19:41:37,1999.0,0.0,0.0,4
2025-11-23 19:41:39,2624.0,0.0,0.0,5
2025-11-23 19:41:41,1819.0,0.0,0.0,4
2025-11-23 19:41:43,3435.0,0.0,0.0,5
2025-11-23 19:41:45,4095.0,0.0,0.0,5
2025-11-23 19:41:47,4095.0,0.0,0.0,5
2025-11-23 19:41:49,3188.0,0.0,0.0,5
2025-11-23 19:41:51,4095.0,0.0,0.0,5
2025-11-23 19:41:53,4095.0,0.0,0.0,5
2025-11-23 19:41:55,2489.0,0.0,0.0,4
2025-11-23 19:41:58,1557.0,0.0,0.0,4
2025-11-23 19:42:00,1225.0,0.0,0.0,3
2025-11-23 19:42:02,1015.0,0.0,0.0,3
2025-11-23 19:42:04,880.0,0.0,0.0,3
2025-11-23 19:42:06,800.0,0.0,0.0,2
2025-11-23 19:42:08,747.0,0.0,0.0,2
2025-11-23 19:42:10,706.0,0.0,0.0,2
2025-11-23 19:42:12,659.0,0.0,0.0,2
2025-11-23 19:42:14,638.0,0.0,0.0,2
2025-11-23 19:42:16,614.0,0.0,0.0,2
2025-11-23 19:42:18,592.0,0.0,0.0,2
2025-11-23 19:42:21,581.0,0.0,0.0,2
2025-11-23 19:42:23,557.0,0.0,0.0,2
2025-11-23 19:42:25,538.0,0.0,0.0,2
2025-11-23 19:42:27,527.0,0.0,0.0,2
2025-11-23 19:42:29,510.0,0.0,0.0,2
2025-11-23 19:42:31,495.0,0.0,0.0,2
2025-11-23 19:42:33,491.0,0.0,0.0,2
2025-11-23 19:42:35,475.0,0.0,0.0,2
2025-11-23 19:42:37,462.0,0.0,0.0,2
2025-11-23 19:42:39,448.0,0.0,0.0,2
2025-11-23 19:42:42,432.0,0.0,0.0,2
2025-11-23 19:42:44,431.0,0.0,0.0,2
2025-11-23 20:56:56,191.0,0.0,0.0,0
2025-11-23 20:56:58,181.0,0.0,0.0,0
2025-11-23 20:57:00,186.0,0.0,0.0,0
2025-11-23 20:57:02,187.0,0.0,0.0,0
2025-11-23 20:57:04,187.0,0.0,0.0,0
2025-11-23 20:57:06,186.0,0.0,0.0,0
2025-11-23 20:57:08,181.0,0.0,0.0,0
2025-11-23 20:57:10,176.0,0.0,0.0,0
2025-11-23 20:57:12,176.0,0.0,0.0,0
2025-11-23 20:57:15,188.0,0.0,0.0,0
2025-11-23 20:57:17,177.0,0.0,0.0,0
2025-11-23 20:57:19,176.0,0.0,0.0,0
2025-11-23 20:57:21,175.0,0.0,0.0,0
2025-11-23 20:57:23,176.0,0.0,0.0,0
2025-11-23 20:57:25,186.0,0.0,0.0,0
2025-11-23 20:57:27,177.0,0.0,0.0,0
2025-11-23 20:57:29,185.0,0.0,0.0,0
2025-11-23 20:57:31,183.0,0.0,0.0,0
2025-11-23 20:57:33,176.0,0.0,0.0,0
2025-11-23 20:57:36,176.0,0.0,0.0,0
2025-11-23 20:57:38,170.0,0.0,0.0,0
2025-11-23 20:57:40,246.0,0.0,0.0,1
2025-11-23 20:57:42,209.0,0.0,0.0,1
2025-11-23 20:57:44,197.0,0.0,0.0,0
2025-11-23 20:57:46,4095.0,0.0,0.0,5
2025-11-23 20:57:48,4095.0,0.0,0.0,5
2025-11-23 20:57:50,2606.0,0.0,0.0,5
2025-11-23 20:57:52,1875.0,0.0,0.0,4
2025-11-23 20:57:54,1703.0,0.0,0.0,4
2025-11-23 20:57:56,1185.0,0.0,0.0,3
2025-11-23 20:57:59,944.0,0.0,0.0,3
2025-11-23 20:58:01,706.0,0.0,0.0,2
2025-11-23 20:58:03,624.0,0.0,0.0,2
2025-11-23 20:58:05,576.0,0.0,0.0,2
2025-11-23 20:58:07,603.0,0.0,0.0,2
2025-11-23 20:58:09,500.0,0.0,0.0,2
2025-11-23 20:58:11,447.0,0.0,0.0,2
2025-11-23 21:00:24,183.0,0.0,0.0,0
2025-11-23 21:00:26,189.0,0.0,0.0,0
2025-11-23 21:00:28,181.0,0.0,0.0,0
2025-11-23 21:00:30,195.0,0.0,0.0,0
2025-11-23 21:00:33,193.0,0.0,0.0,0
2025-11-23 21:00:35,193.0,0.0,0.0,0
2025-11-23 21:00:37,189.0,0.0,0.0,0
2025-11-23 21:00:39,187.0,0.0,0.0,0
2025-11-23 21:00:41,219.0,0.0,0.0,1
2025-11-23 21:00:43,208.0,0.0,0.0,1
2025-11-23 21:00:45,263.0,0.0,0.0,1
2025-11-23 21:00:47,231.0,0.0,0.0,1
2025-11-23 21:00:49,210.0,0.0,0.0,1
2025-11-23 21:00:51,199.0,0.0,0.0,0
2025-11-23 21:00:53,189.0,0.0,0.0,0
2025-11-23 21:00:56,181.0,0.0,0.0,0
2025-11-23 21:00:58,187.0,0.0,0.0,0
2025-11-23 21:01:00,175.0,0.0,0.0,0
2025-11-23 21:01:02,183.0,0.0,0.0,0
2025-11-23 21:01:04,176.0,0.0,0.0,0
2025-11-23 21:01:06,182.0,0.0,0.0,0
2025-11-23 21:01:08,180.0,0.0,0.0,0
2025-11-23 21:01:10,178.0,0.0,0.0,0
2025-11-23 21:01:12,183.0,0.0,0.0,0
2025-11-23 21:01:14,181.0,0.0,0.0,0
2025-11-23 21:01:16,177.0,0.0,0.0,0
2025-11-23 21:01:19,173.0,0.0,0.0,0
2025-11-23 21:01:21,180.0,0.0,0.0,0
2025-11-23 21:01:23,225.0,0.0,0.0,1
2025-11-23 21:01:25,263.0,0.0,0.0,1
2025-11-23 21:01:27,224.0,0.0,0.0,1
2025-11-23 21:01:29,4095.0,0.0,0.0,5
2025-11-23 21:01:31,4095.0,0.0,0.0,5
2025-11-23 21:01:33,3838.0,0.0,0.0,5
2025-11-23 21:01:35,2343.0,0.0,0.0,4
2025-11-23 21:01:37,1607.0,0.0,0.0,4
2025-11-23 21:01:40,1171.0,0.0,0.0,3
2025-11-23 21:01:42,971.0,0.0,0.0,3
2025-11-23 21:01:44,884.0,0.0,0.0,3
2025-11-23 21:01:46,752.0,0.0,0.0,2
2025-11-23 21:01:48,673.0,0.0,0.0,2
2025-11-23 21:01:50,582.0,0.0,0.0,2
2025-11-23 21:01:52,540.0,0.0,0.0,2
2025-11-23 21:01:54,555.0,0.0,0.0,2
2025-11-23 21:01:56,483.0,0.0,0.0,2
2025-11-23 21:01:58,449.0,0.0,0.0,2
2025-11-23 21:02:00,432.0,0.0,0.0,2
2025-11-23 21:02:03,417.0,0.0,0.0,2
2025-11-23 21:02:05,402.0,0.0,0.0,2
2025-11-23 21:02:07,391.0,0.0,0.0,1
2025-11-23 21:02:09,370.0,0.0,0.0,1
2025-11-23 21:02:11,355.0,0.0,0.0,1
2025-11-23 21:02:13,341.0,0.0,0.0,1
2025-11-23 21:02:15,331.0,0.0,0.0,1
2025-11-23 21:02:17,333.0,0.0,0.0,1
2025-11-23 21:02:19,317.0,0.0,0.0,1
2025-11-23 21:02:21,311.0,0.0,0.0,1
2025-11-23 21:02:23,314.0,0.0,0.0,1
2025-11-23 21:02:26,299.0,0.0,0.0,1
2025-11-23 21:02:28,282.0,0.0,0.0,1
2025-11-23 21:02:30,278.0,0.0,0.0,1
2025-11-23 21:02:32,274.0,0.0,0.0,1
2025-11-23 21:02:34,274.0,0.0,0.0,1
2025-11-23 21:02:36,292.0,0.0,0.0,1
2025-11-23 21:02:38,277.0,0.0,0.0,1
2025-11-23 21:02:40,273.0,0.0,0.0,1
2025-11-23 21:02:42,259.0,0.0,0.0,1
2025-11-23 21:02:44,255.0,0.0,0.0,1
2025-11-23 21:02:46,267.0,0.0,0.0,1
2025-11-23 21:02:49,275.0,0.0,0.0,1
2025-11-23 21:02:51,259.0,0.0,0.0,1
2025-11-23 21:02:53,256.0,0.0,0.0,1
2025-11-23 21:02:55,251.0,0.0,0.0,1
2025-11-23 21:02:57,243.0,0.0,0.0,1
2025-11-23 21:02:59,246.0,0.0,0.0,1
2025-11-23 21:03:01,253.0,0.0,0.0,1
2025-11-23 21:03:03,192.0,0.0,0.0,0
2025-11-23 21:03:05,231.0,0.0,0.0,1
2025-11-23 21:24:44,243.0,0.0,0.0,1
2025-11-23 21:24:46,239.0,0.0,0.0,1
2025-11-23 21:24:48,194.0,0.0,0.0,0
2025-11-23 21:24:50,225.0,0.0,0.0,1
2025-11-23 21:24:52,211.0,0.0,0.0,1
2025-11-23 21:24:54,204.0,0.0,0.0,1
2025-11-23 21:24:56,199.0,0.0,0.0,0
2025-11-23 21:24:58,203.0,0.0,0.0,1
2025-11-23 21:25:00,206.0,0.0,0.0,1
2025-11-23 21:25:02,201.0,0.0,0.0,1
2025-11-23 21:25:05,199.0,0.0,0.0,0
2025-11-23 21:25:07,189.0,0.0,0.0,0
2025-11-23 21:25:09,186.0,0.0,0.0,0
2025-11-23 21:25:11,205.0,0.0,0.0,1
2025-11-23 21:25:13,208.0,0.0,0.0,1
2025-11-23 21:25:15,199.0,0.0,0.0,0
2025-11-23 21:25:17,2345.0,0.0,0.0,4
2025-11-23 21:25:19,1583.0,0.0,0.0,4
2025-11-23 21:25:21,2679.0,0.0,0.0,5
2025-11-23 21:25:23,1834.0,0.0,0.0,4
2025-11-23 21:25:25,1254.0,0.0,0.0,3
2025-11-23 21:25:28,4095.0,0.0,0.0,5
2025-11-23 21:25:30,4095.0,0.0,0.0,5
2025-11-23 21:25:32,2816.0,0.0,0.0,5
2025-11-23 21:25:34,1935.0,0.0,0.0,4
2025-11-23 21:25:36,1421.0,0.0,0.0,4
2025-11-23 21:25:38,1095.0,0.0,0.0,3
2025-11-23 21:25:40,863.0,0.0,0.0,3
2025-11-23 21:25:42,710.0,0.0,0.0,2
2025-11-23 21:25:44,625.0,0.0,0.0,2
2025-11-23 21:25:46,560.0,0.0,0.0,2
2025-11-23 21:25:48,511.0,0.0,0.0,2
2025-11-23 21:25:51,483.0,0.0,0.0,2
2025-11-23 21:25:53,459.0,0.0,0.0,2
2025-11-23 21:25:55,431.0,0.0,0.0,2
2025-11-23 21:25:57,415.0,0.0,0.0,2
2025-11-23 21:25:59,399.0,0.0,0.0,1
2025-11-23 21:26:01,401.0,0.0,0.0,2
2025-11-23 21:26:03,372.0,0.0,0.0,1
2025-11-23 21:26:05,443.0,0.0,0.0,2
2025-11-23 21:26:07,419.0,0.0,0.0,2
2025-11-23 21:26:09,379.0,0.0,0.0,1
2025-11-23 21:26:12,401.0,0.0,0.0,2
2025-11-23 21:26:14,343.0,0.0,0.0,1
2025-11-23 21:26:16,324.0,0.0,0.0,1
2025-11-23 21:26:18,315.0,0.0,0.0,1
2025-11-23 21:26:20,273.0,0.0,0.0,1
2025-11-23 21:26:22,293.0,0.0,0.0,1
2025-11-23 21:26:24,288.0,0.0,0.0,1
2025-11-23 21:26:26,286.0,0.0,0.0,1
2025-11-23 21:26:28,279.0,0.0,0.0,1
2025-11-23 21:26:30,292.0,0.0,0.0,1
2025-11-23 21:26:32,291.0,0.0,0.0,1
2025-11-23 21:26:35,265.0,0.0,0.0,1
2025-11-23 21:26:37,277.0,0.0,0.0,1
2025-11-23 21:26:39,272.0,0.0,0.0,1
2025-11-23 21:26:41,254.0,0.0,0.0,1
2025-11-23 21:26:43,252.0,0.0,0.0,1
2025-11-23 21:26:45,253.0,0.0,0.0,1
2025-11-23 21:26:47,252.0,0.0,0.0,1
2025-11-23 21:26:49,240.0,0.0,0.0,1
2025-11-23 21:26:51,283.0,0.0,0.0,1
2025-11-23 21:26:53,272.0,0.0,0.0,1
2025-11-23 21:26:55,307.0,0.0,0.0,1
2025-11-23 21:26:58,276.0,0.0,0.0,1
2025-11-23 21:27:00,253.0,0.0,0.0,1
2025-11-23 21:27:02,216.0,0.0,0.0,1
2025-11-23 21:27:04,238.0,0.0,0.0,1
2025-11-23 21:27:06,226.0,0.0,0.0,1
2025-11-23 21:27:08,234.0,0.0,0.0,1
2025-11-23 21:27:10,222.0,0.0,0.0,1
2025-11-23 21:27:12,231.0,0.0,0.0,1
2025-11-23 21:27:14,223.0,0.0,0.0,1
2025-11-23 21:27:16,221.0,0.0,0.0,1
2025-11-23 21:27:18,225.0,0.0,0.0,1
2025-11-23 21:27:21,216.0,0.0,0.0,1
2025-11-23 21:27:23,208.0,0.0,0.0,1
2025-11-23 21:27:25,213.0,0.0,0.0,1
2025-11-23 21:27:27,212.0,0.0,0.0,1
2025-11-23 21:27:29,210.0,0.0,0.0,1
2025-11-23 21:27:31,210.0,0.0,0.0,1
2025-11-23 21:27:33,219.0,0.0,0.0,1
2025-11-23 21:27:35,218.0,0.0,0.0,1
2025-11-23 21:27:37,211.0,0.0,0.0,1
2025-11-23 21:27:39,221.0,0.0,0.0,1
2025-11-23 21:27:42,215.0,0.0,0.0,1
2025-11-23 21:27:44,208.0,0.0,0.0,1
2025-11-23 21:27:46,211.0,0.0,0.0,1
2025-11-23 21:27:48,208.0,0.0,0.0,1
2025-11-23 21:27:50,209.0,0.0,0.0,1
2025-11-23 21:27:52,199.0,0.0,0.0,0
2025-11-23 21:27:54,204.0,0.0,0.0,1
2025-11-23 21:27:56,192.0,0.0,0.0,0
2025-11-23 21:27:58,198.0,0.0,0.0,0
2025-11-23 21:28:00,199.0,0.0,0.0,0
2025-11-23 21:28:02,209.0,0.0,0.0,1
2025-11-23 21:28:05,206.0,0.0,0.0,1
2025-11-23 21:28:07,206.0,0.0,0.0,1
2025-11-23 21:28:09,209.0,0.0,0.0,1
2025-11-23 21:28:11,208.0,0.0,0.0,1
2025-11-23 21:28:13,204.0,0.0,0.0,1
2025-11-23 21:28:15,208.0,0.0,0.0,1
2025-11-23 21:28:17,205.0,0.0,0.0,1
2025-11-23 21:28:19,193.0,0.0,0.0,0
2025-11-23 21:28:21,195.0,0.0,0.0,0
2025-11-23 21:28:23,192.0,0.0,0.0,0
2025-11-23 21:28:25,199.0,0.0,0.0,0
2025-11-23 21:28:28,195.0,0.0,0.0,0
2025-11-23 21:28:30,199.0,0.0,0.0,0
2025-11-23 21:28:32,196.0,0.0,0.0,0
2025-11-23 21:28:34,193.0,0.0,0.0,0
2025-11-23 21:28:36,190.0,0.0,0.0,0
2025-11-23 21:28:38,189.0,0.0,0.0,0
2025-11-23 21:28:40,188.0,0.0,0.0,0
2025-11-23 21:28:42,192.0,0.0,0.0,0
2025-11-23 21:28:44,195.0,0.0,0.0,0
2025-11-23 21:28:46,198.0,0.0,0.0,0
2025-11-23 21:28:48,194.0,0.0,0.0,0
2025-11-23 21:28:51,194.0,0.0,0.0,0
2025-11-23 21:28:53,201.0,0.0,0.0,1
2025-11-23 21:28:55,199.0,0.0,0.0,0
2025-11-23 21:28:57,193.0,0.0,0.0,0
2025-11-23 21:28:59,193.0,0.0,0.0,0
2025-11-23 21:29:01,195.0,0.0,0.0,0
2025-11-23 21:29:03,194.0,0.0,0.0,0
2025-11-23 21:29:05,186.0,0.0,0.0,0
2025-11-23 21:29:07,188.0,0.0,0.0,0
2025-11-23 21:29:09,243.0,0.0,0.0,1
2025-11-23 21:29:12,178.0,0.0,0.0,0
2025-11-23 21:29:14,187.0,0.0,0.0,0
2025-11-23 21:29:16,187.0,0.0,0.0,0
2025-11-23 21:29:18,182.0,0.0,0.0,0
2025-11-23 21:29:20,191.0,0.0,0.0,0
2025-11-23 21:29:22,195.0,0.0,0.0,0
2025-11-23 21:29:24,194.0,0.0,0.0,0
2025-11-23 21:29:26,192.0,0.0,0.0,0
2025-11-23 21:29:28,189.0,0.0,0.0,0
2025-11-23 21:29:30,177.0,0.0,0.0,0
2025-11-23 21:29:32,186.0,0.0,0.0,0
2025-11-23 21:29:35,185.0,0.0,0.0,0
2025-11-23 21:29:37,186.0,0.0,0.0,0
2025-11-23 21:29:39,191.0,0.0,0.0,0
2025-11-23 21:29:41,179.0,0.0,0.0,0
2025-11-23 21:29:43,187.0,0.0,0.0,0
2025-11-23 21:29:45,192.0,0.0,0.0,0
2025-11-23 21:29:47,186.0,0.0,0.0,0
2025-11-23 21:29:49,192.0,0.0,0.0,0
2025-11-23 21:29:51,198.0,0.0,0.0,0
2025-11-23 21:29:53,190.0,0.0,0.0,0
2025-11-23 21:29:55,179.0,0.0,0.0,0
2025-11-23 21:29:58,177.0,0.0,0.0,0
2025-11-24 15:57:26,304.0,0.0,0.0,1
2025-11-24 15:57:28,303.0,0.0,0.0,1
2025-11-24 15:57:30,311.0,0.0,0.0,1
2025-11-24 15:57:33,304.0,0.0,0.0,1
2025-11-24 15:57:35,320.0,0.0,0.0,1
2025-11-24 15:57:37,303.0,0.0,0.0,1
2025-11-24 15:57:39,297.0,0.0,0.0,1
2025-11-24 15:57:41,292.0,0.0,0.0,1
2025-11-24 15:57:43,290.0,0.0,0.0,1
2025-11-24 15:57:45,293.0,0.0,0.0,1
2025-11-24 15:57:47,295.0,0.0,0.0,1
2025-11-24 15:57:49,288.0,0.0,0.0,1
2025-11-24 15:57:51,292.0,0.0,0.0,1
2025-11-24 15:57:53,287.0,0.0,0.0,1
2025-11-24 15:57:56,299.0,0.0,0.0,1
2025-11-24 15:57:58,298.0,0.0,0.0,1
2025-11-24 15:58:00,281.0,0.0,0.0,1
2025-11-24 15:58:02,279.0,0.0,0.0,1
2025-11-24 15:58:04,288.0,0.0,0.0,1
2025-11-24 15:58:06,273.0,0.0,0.0,1
2025-11-24 15:58:08,282.0,0.0,0.0,1
2025-11-24 15:58:10,277.0,0.0,0.0,1
2025-11-24 15:58:12,313.0,0.0,0.0,1
2025-11-24 15:58:14,283.0,0.0,0.0,1
2025-11-24 15:58:17,274.0,0.0,0.0,1
2025-11-24 15:58:19,283.0,0.0,0.0,1
2025-11-24 15:58:21,276.0,0.0,0.0,1
2025-11-24 15:58:23,277.0,0.0,0.0,1
2025-11-24 15:58:25,275.0,0.0,0.0,1
2025-11-24 15:58:27,282.0,0.0,0.0,1
2025-11-24 15:58:29,288.0,0.0,0.0,1
2025-11-24 15:58:31,275.0,0.0,0.0,1
2025-11-24 15:58:33,269.0,0.0,0.0,1
2025-11-24 15:58:35,279.0,0.0,0.0,1
2025-11-24 15:58:37,273.0,0.0,0.0,1
2025-11-24 15:58:40,272.0,0.0,0.0,1
2025-11-24 15:58:42,279.0,0.0,0.0,1
2025-11-24 15:58:44,274.0,0.0,0.0,1
2025-11-24 15:58:46,277.0,0.0,0.0,1
2025-11-24 15:58:48,274.0,0.0,0.0,1
2025-11-24 15:58:50,274.0,0.0,0.0,1
2025-11-24 15:58:52,276.0,0.0,0.0,1
2025-11-24 15:58:54,272.0,0.0,0.0,1
2025-11-24 15:58:56,274.0,0.0,0.0,1
2025-11-24 15:58:58,272.0,0.0,0.0,1
2025-11-24 15:59:00,277.0,0.0,0.0,1
2025-11-24 15:59:03,273.0,0.0,0.0,1
2025-11-24 15:59:05,267.0,0.0,0.0,1
2025-11-24 15:59:07,271.0,0.0,0.0,1
2025-11-24 15:59:09,263.0,0.0,0.0,1
2025-11-24 15:59:11,266.0,0.0,0.0,1
2025-11-24 15:59:13,272.0,0.0,0.0,1
2025-11-24 15:59:15,276.0,0.0,0.0,1
2025-11-24 15:59:17,269.0,0.0,0.0,1
2025-11-24 15:59:19,272.0,0.0,0.0,1
2025-11-24 15:59:21,293.0,0.0,0.0,1
2025-11-24 15:59:23,266.0,0.0,0.0,1
2025-11-24 15:59:26,271.0,0.0,0.0,1
2025-11-24 15:59:28,267.0,0.0,0.0,1
2025-11-24 15:59:30,262.0,0.0,0.0,1
2025-11-24 15:59:32,269.0,0.0,0.0,1
2025-11-24 15:59:34,278.0,0.0,0.0,1
2025-11-24 15:59:36,270.0,0.0,0.0,1
2025-11-24 15:59:38,264.0,0.0,0.0,1
2025-11-24 15:59:40,272.0,0.0,0.0,1
2025-11-24 15:59:42,268.0,0.0,0.0,1
2025-11-24 15:59:44,266.0,0.0,0.0,1
2025-11-24 15:59:47,276.0,0.0,0.0,1
2025-11-24 15:59:49,272.0,0.0,0.0,1
2025-11-24 15:59:51,266.0,0.0,0.0,1
2025-11-24 15:59:53,271.0,0.0,0.0,1
2025-11-24 15:59:55,271.0,0.0,0.0,1
2025-11-24 15:59:57,276.0,0.0,0.0,1
2025-11-24 15:59:59,272.0,0.0,0.0,1
2025-11-24 16:00:01,324.0,0.0,0.0,1
2025-11-24 16:00:03,315.0,0.0,0.0,1
2025-11-24 16:00:05,297.0,0.0,0.0,1
2025-11-24 16:00:07,293.0,0.0,0.0,1
2025-11-24 16:00:10,278.0,0.0,0.0,1
2025-11-24 16:00:12,274.0,0.0,0.0,1
2025-11-24 16:00:14,273.0,0.0,0.0,1
2025-11-24 16:00:16,278.0,0.0,0.0,1
2025-11-24 16:00:18,273.0,0.0,0.0,1
2025-11-24 16:00:20,274.0,0.0,0.0,1
2025-11-24 16:00:22,259.0,0.0,0.0,1
2025-11-24 16:00:24,267.0,0.0,0.0,1
2025-11-24 16:00:26,268.0,0.0,0.0,1
2025-11-24 16:00:28,272.0,0.0,0.0,1
2025-11-24 16:00:30,266.0,0.0,0.0,1
2025-11-24 16:00:33,269.0,0.0,0.0,1
2025-11-24 16:00:35,271.0,0.0,0.0,1
2025-11-24 16:00:37,265.0,0.0,0.0,1
2025-11-24 16:00:39,265.0,0.0,0.0,1
2025-11-24 16:00:41,272.0,0.0,0.0,1
2025-11-24 16:00:43,272.0,0.0,0.0,1
2025-11-24 16:00:45,273.0,0.0,0.0,1
2025-11-24 16:00:47,272.0,0.0,0.0,1
2025-11-24 16:00:49,282.0,0.0,0.0,1
2025-11-24 16:00:51,279.0,0.0,0.0,1
2025-11-24 16:00:53,275.0,0.0,0.0,1
2025-11-24 16:00:56,279.0,0.0,0.0,1
2025-11-24 16:00:58,272.0,0.0,0.0,1
2025-11-24 16:01:00,293.0,0.0,0.0,1
2025-11-24 16:01:02,273.0,0.0,0.0,1
2025-11-24 16:01:04,268.0,0.0,0.0,1
2025-11-24 16:01:06,271.0,0.0,0.0,1
2025-11-24 16:01:08,272.0,0.0,0.0,1
2025-11-24 16:01:10,258.0,0.0,0.0,1
2025-11-24 16:01:12,258.0,0.0,0.0,1
2025-11-24 16:01:14,265.0,0.0,0.0,1
2025-11-24 16:01:17,153.0,0.0,0.0,0
2025-11-24 16:01:19,271.0,0.0,0.0,1
2025-11-24 16:01:21,240.0,0.0,0.0,1
2025-11-24 16:01:23,270.0,0.0,0.0,1
2025-11-24 16:01:25,271.0,0.0,0.0,1
2025-11-24 16:01:27,270.0,0.0,0.0,1
2025-11-24 16:01:29,272.0,0.0,0.0,1
2025-11-24 16:01:31,259.0,0.0,0.0,1
2025-11-24 16:01:33,268.0,0.0,0.0,1
2025-11-24 16:01:35,262.0,0.0,0.0,1
2025-11-24 16:01:37,258.0,0.0,0.0,1
2025-11-24 16:01:40,265.0,0.0,0.0,1
2025-11-24 16:01:42,257.0,0.0,0.0,1
2025-11-24 16:01:44,262.0,0.0,0.0,1
2025-11-24 16:01:46,266.0,0.0,0.0,1
2025-11-24 16:01:48,256.0,0.0,0.0,1
2025-11-24 16:01:50,265.0,0.0,0.0,1
2025-11-24 16:01:52,259.0,0.0,0.0,1
2025-11-24 16:01:54,264.0,0.0,0.0,1
2025-11-24 16:01:56,260.0,0.0,0.0,1
2025-11-24 16:01:58,265.0,0.0,0.0,1
2025-11-24 16:02:00,272.0,0.0,0.0,1
2025-11-24 16:02:03,264.0,0.0,0.0,1
2025-11-24 16:02:05,270.0,0.0,0.0,1
2025-11-24 16:02:07,272.0,0.0,0.0,1
2025-11-24 16:02:09,272.0,0.0,0.0,1
2025-11-24 16:02:11,269.0,0.0,0.0,1
2025-11-24 16:02:13,270.0,0.0,0.0,1
2025-11-24 16:02:15,259.0,0.0,0.0,1
2025-11-24 16:02:17,266.0,0.0,0.0,1
2025-11-24 16:02:19,272.0,0.0,0.0,1
2025-11-24 16:02:21,269.0,0.0,0.0,1
2025-11-24 16:02:23,269.0,0.0,0.0,1
2025-11-24 16:02:26,262.0,0.0,0.0,1
2025-11-24 16:02:28,264.0,0.0,0.0,1
2025-11-24 16:02:30,269.0,0.0,0.0,1
2025-11-24 16:02:32,267.0,0.0,0.0,1
2025-11-24 16:02:34,263.0,0.0,0.0,1
2025-11-24 16:02:36,263.0,0.0,0.0,1
2025-11-24 16:02:38,250.0,0.0,0.0,1
2025-11-24 16:02:40,258.0,0.0,0.0,1
2025-11-24 16:02:42,258.0,0.0,0.0,1
2025-11-24 16:02:44,261.0,0.0,0.0,1
2025-11-24 16:02:47,269.0,0.0,0.0,1
2025-11-24 16:02:49,269.0,0.0,0.0,1
2025-11-24 16:02:51,265.0,0.0,0.0,1
2025-11-24 16:02:53,257.0,0.0,0.0,1
2025-11-24 16:21:39,623.0,0.0,0.0,2
2025-11-24 16:21:41,581.0,0.0,0.0,2
2025-11-24 16:21:43,568.0,0.0,0.0,2
2025-11-24 16:21:45,549.0,0.0,0.0,2
2025-11-24 16:21:47,522.0,0.0,0.0,2
2025-11-24 16:21:49,489.0,0.0,0.0,2
2025-11-24 16:21:51,723.0,0.0,0.0,2
2025-11-24 16:21:53,987.0,0.0,0.0,3
2025-11-24 16:21:55,715.0,0.0,0.0,2
2025-11-24 16:21:57,816.0,0.0,0.0,3
2025-11-24 16:21:59,573.0,0.0,0.0,2
2025-11-24 16:22:02,583.0,0.0,0.0,2
2025-11-24 16:22:04,1509.0,0.0,0.0,4
2025-11-24 16:22:06,4095.0,0.0,0.0,5
2025-11-24 16:22:08,4095.0,0.0,0.0,5
2025-11-24 16:22:10,4095.0,0.0,0.0,5
2025-11-24 16:22:12,4095.0,0.0,0.0,5
2025-11-24 16:22:14,2736.0,0.0,0.0,5
2025-11-24 16:22:16,1904.0,0.0,0.0,4
2025-11-24 16:22:18,1426.0,0.0,0.0,4
2025-11-24 16:22:20,1140.0,0.0,0.0,3
2025-11-24 16:22:22,971.0,0.0,0.0,3
2025-11-24 16:22:25,843.0,0.0,0.0,3
2025-11-24 16:22:27,773.0,0.0,0.0,2
2025-11-24 16:22:29,729.0,0.0,0.0,2
2025-11-24 16:22:31,693.0,0.0,0.0,2
2025-11-24 16:22:33,681.0,0.0,0.0,2
2025-11-24 16:22:35,670.0,0.0,0.0,2
2025-11-24 16:22:37,636.0,0.0,0.0,2
2025-11-24 16:22:39,608.0,0.0,0.0,2
2025-11-24 16:22:41,590.0,0.0,0.0,2
2025-11-24 16:22:43,568.0,0.0,0.0,2
2025-11-24 16:22:46,564.0,0.0,0.0,2
2025-11-24 16:22:48,528.0,0.0,0.0,2
2025-11-24 16:22:50,527.0,0.0,0.0,2
2025-11-24 16:22:52,549.0,0.0,0.0,2
2025-11-24 18:50:28,262.0,0.0,0.0,1
2025-11-24 18:50:30,255.0,0.0,0.0,1
2025-11-24 18:50:32,249.0,0.0,0.0,1
2025-11-24 18:50:34,251.0,0.0,0.0,1
2025-11-24 18:50:36,252.0,0.0,0.0,1
2025-11-24 18:50:38,4095.0,0.0,0.0,5
2025-11-24 18:50:41,4095.0,0.0,0.0,5
2025-11-24 18:50:43,3951.0,0.0,0.0,5
2025-11-24 18:50:45,3686.0,0.0,0.0,5
2025-11-24 18:50:47,2403.0,0.0,0.0,4
2025-11-24 18:50:49,1808.0,0.0,0.0,4
2025-11-24 18:50:51,1422.0,0.0,0.0,4
2025-11-24 18:50:53,1154.0,0.0,0.0,3
2025-11-24 18:50:55,1040.0,0.0,0.0,3
2025-11-24 18:50:57,4095.0,0.0,0.0,5
2025-11-24 18:50:59,4095.0,0.0,0.0,5
2025-11-24 18:51:01,2800.0,0.0,0.0,5
2025-11-24 18:51:04,4095.0,0.0,0.0,5
2025-11-24 18:51:06,3950.0,0.0,0.0,5
2025-11-24 18:51:08,2559.0,0.0,0.0,4
2025-11-24 18:51:10,1936.0,0.0,0.0,4
2025-11-24 18:51:12,1510.0,0.0,0.0,4
2025-11-24 18:51:14,1220.0,0.0,0.0,3
2025-11-24 18:51:16,1085.0,0.0,0.0,3
2025-11-24 18:51:18,997.0,0.0,0.0,3
2025-11-24 18:51:20,896.0,0.0,0.0,3
2025-11-24 18:51:22,855.0,0.0,0.0,3
2025-11-24 18:51:25,816.0,0.0,0.0,3
2025-11-24 18:51:27,770.0,0.0,0.0,2
2025-11-24 18:51:29,752.0,0.0,0.0,2
2025-11-24 18:51:31,720.0,0.0,0.0,2
2025-11-24 18:51:33,693.0,0.0,0.0,2
2025-11-24 18:51:35,691.0,0.0,0.0,2
2025-11-24 18:51:37,671.0,0.0,0.0,2
2025-11-24 18:51:39,642.0,0.0,0.0,2
2025-11-24 18:51:41,641.0,0.0,0.0,2
2025-11-24 18:51:43,624.0,0.0,0.0,2
2025-11-24 18:51:45,615.0,0.0,0.0,2
2025-11-24 19:03:21,218.0,0.0,0.0,1
2025-11-24 19:03:23,231.0,0.0,0.0,1
2025-11-24 19:03:25,215.0,0.0,0.0,1
2025-11-24 19:03:27,219.0,0.0,0.0,1
2025-11-24 19:03:30,218.0,0.0,0.0,1
2025-11-24 19:03:32,227.0,0.0,0.0,1
2025-11-24 19:03:34,176.0,0.0,0.0,0
2025-11-24 19:03:36,211.0,0.0,0.0,1
2025-11-24 19:03:38,208.0,0.0,0.0,1
2025-11-24 19:03:40,219.0,0.0,0.0,1
2025-11-24 19:03:42,217.0,0.0,0.0,1
2025-11-24 19:03:44,214.0,0.0,0.0,1
2025-11-24 19:03:46,214.0,0.0,0.0,1
2025-11-24 19:03:48,214.0,0.0,0.0,1
2025-11-24 19:03:51,214.0,0.0,0.0,1
2025-11-24 19:03:53,210.0,0.0,0.0,1
2025-11-24 19:03:55,217.0,0.0,0.0,1
2025-11-24 19:03:57,208.0,0.0,0.0,1
2025-11-24 19:03:59,216.0,0.0,0.0,1
2025-11-24 19:04:01,4095.0,0.0,0.0,5
2025-11-24 19:04:03,3619.0,0.0,0.0,5
2025-11-24 19:04:05,2220.0,0.0,0.0,4
2025-11-24 19:04:07,1535.0,0.0,0.0,4
2025-11-24 19:04:09,1122.0,0.0,0.0,3
2025-11-24 19:04:11,880.0,0.0,0.0,3
2025-11-24 19:04:14,732.0,0.0,0.0,2
2025-11-24 19:04:16,4095.0,0.0,0.0,5
2025-11-24 19:04:18,3331.0,0.0,0.0,5
2025-11-24 19:04:20,2112.0,0.0,0.0,4
2025-11-24 19:04:22,1488.0,0.0,0.0,4
2025-11-24 19:04:24,1122.0,0.0,0.0,3
2025-11-24 19:04:26,887.0,0.0,0.0,3
2025-11-24 19:04:28,766.0,0.0,0.0,2
2025-11-24 19:04:30,696.0,0.0,0.0,2
2025-11-24 19:04:32,647.0,0.0,0.0,2
2025-11-24 19:04:34,666.0,0.0,0.0,2
2025-11-24 19:04:37,605.0,0.0,0.0,2
2025-11-24 19:04:39,558.0,0.0,0.0,2
2025-11-24 19:04:41,533.0,0.0,0.0,2
2025-11-24 19:04:43,507.0,0.0,0.0,2
2025-11-24 19:04:45,496.0,0.0,0.0,2
2025-11-24 19:04:47,482.0,0.0,0.0,2
2025-11-24 19:04:49,463.0,0.0,0.0,2
2025-11-24 19:04:51,461.0,0.0,0.0,2
2025-11-24 19:04:53,439.0,0.0,0.0,2
2025-11-24 19:04:55,432.0,0.0,0.0,2
2025-11-24 19:04:57,432.0,0.0,0.0,2
2025-11-24 19:05:00,415.0,0.0,0.0,2
2025-11-24 19:05:02,398.0,0.0,0.0,1
2025-11-24 19:05:04,395.0,0.0,0.0,1
2025-11-24 19:05:06,390.0,0.0,0.0,1
2025-11-24 19:05:08,383.0,0.0,0.0,1
2025-11-24 19:05:10,391.0,0.0,0.0,1
2025-11-24 19:05:12,374.0,0.0,0.0,1
2025-11-24 19:05:14,374.0,0.0,0.0,1
2025-11-24 19:05:16,368.0,0.0,0.0,1
2025-11-24 19:05:18,364.0,0.0,0.0,1
2025-11-24 19:05:21,359.0,0.0,0.0,1
2025-11-24 19:05:23,353.0,0.0,0.0,1
2025-11-24 19:05:25,350.0,0.0,0.0,1
2025-11-24 19:05:27,336.0,0.0,0.0,1
2025-11-24 19:05:29,336.0,0.0,0.0,1
2025-11-24 19:05:31,336.0,0.0,0.0,1
2025-11-24 19:05:33,331.0,0.0,0.0,1
2025-11-24 19:05:35,322.0,0.0,0.0,1
2025-11-24 19:05:37,320.0,0.0,0.0,1
2025-11-24 19:05:39,331.0,0.0,0.0,1
2025-11-24 19:05:41,311.0,0.0,0.0,1
2025-11-24 19:05:44,313.0,0.0,0.0,1
2025-11-24 19:05:46,309.0,0.0,0.0,1
2025-11-24 19:05:48,310.0,0.0,0.0,1
2025-11-24 19:05:50,304.0,0.0,0.0,1
2025-11-24 19:05:52,311.0,0.0,0.0,1
2025-11-24 19:05:54,304.0,0.0,0.0,1
2025-11-24 19:05:56,307.0,0.0,0.0,1
2025-11-24 19:05:58,295.0,0.0,0.0,1
2025-11-24 19:06:00,288.0,0.0,0.0,1
2025-11-24 19:06:02,293.0,0.0,0.0,1
2025-11-24 19:06:04,295.0,0.0,0.0,1
2025-11-24 19:43:26,191.0,0.0,0.0,0
2025-11-24 19:43:29,199.0,0.0,0.0,0
2025-11-24 19:43:31,198.0,0.0,0.0,0
2025-11-24 19:43:33,198.0,0.0,0.0,0
2025-11-24 19:43:35,192.0,0.0,0.0,0
2025-11-24 19:43:37,187.0,0.0,0.0,0
2025-11-24 19:43:39,198.0,0.0,0.0,0
2025-11-24 19:43:41,208.0,0.0,0.0,1
2025-11-24 19:43:43,196.0,0.0,0.0,0
2025-11-24 19:43:45,202.0,0.0,0.0,1
2025-11-24 19:43:47,195.0,0.0,0.0,0
2025-11-24 19:43:49,4095.0,0.0,0.0,5
2025-11-24 19:43:52,3021.0,0.0,0.0,5
2025-11-24 19:43:54,2000.0,0.0,0.0,4
2025-11-24 19:43:56,1370.0,0.0,0.0,3
2025-11-24 19:43:58,999.0,0.0,0.0,3
2025-11-24 19:44:00,784.0,0.0,0.0,2
2025-11-24 19:44:02,647.0,0.0,0.0,2
2025-11-24 19:44:04,557.0,0.0,0.0,2
2025-11-24 19:44:06,500.0,0.0,0.0,2
2025-11-24 19:44:08,471.0,0.0,0.0,2
2025-11-24 19:44:10,442.0,0.0,0.0,2
2025-11-24 19:44:12,427.0,0.0,0.0,2
2025-11-24 19:44:15,402.0,0.0,0.0,2
2025-11-24 19:44:17,400.0,0.0,0.0,1
2025-11-24 19:44:19,371.0,0.0,0.0,1
2025-11-24 19:44:21,368.0,0.0,0.0,1
2025-11-24 19:44:23,343.0,0.0,0.0,1
2025-11-24 19:44:25,338.0,0.0,0.0,1
2025-11-24 19:44:27,327.0,0.0,0.0,1
2025-11-24 19:44:29,329.0,0.0,0.0,1
2025-11-24 19:44:31,324.0,0.0,0.0,1
2025-11-24 19:44:33,320.0,0.0,0.0,1
2025-11-24 19:44:35,313.0,0.0,0.0,1
2025-11-24 19:44:38,298.0,0.0,0.0,1
2025-11-24 19:44:40,299.0,0.0,0.0,1
2025-11-24 19:44:42,290.0,0.0,0.0,1
2025-11-24 19:44:44,288.0,0.0,0.0,1
2025-11-24 19:44:46,278.0,0.0,0.0,1
2025-11-24 19:44:48,276.0,0.0,0.0,1
2025-11-24 19:44:50,278.0,0.0,0.0,1
2025-11-24 19:44:52,273.0,0.0,0.0,1
2025-11-24 19:44:54,269.0,0.0,0.0,1
2025-11-24 19:44:56,306.0,0.0,0.0,1
2025-11-24 19:44:59,260.0,0.0,0.0,1
2025-11-24 19:45:01,255.0,0.0,0.0,1
2025-11-24 19:45:03,252.0,0.0,0.0,1
2025-11-24 19:45:05,250.0,0.0,0.0,1
2025-11-24 19:45:07,250.0,0.0,0.0,1
2025-11-24 19:45:09,245.0,0.0,0.0,1
2025-11-24 19:45:11,247.0,0.0,0.0,1
2025-11-24 19:45:13,246.0,0.0,0.0,1
2025-11-24 19:45:15,241.0,0.0,0.0,1
2025-11-24 19:45:17,239.0,0.0,0.0,1
2025-11-24 19:45:19,243.0,0.0,0.0,1
2025-11-24 19:45:22,232.0,0.0,0.0,1
2025-11-24 19:45:24,239.0,0.0,0.0,1
2025-11-24 19:45:26,235.0,0.0,0.0,1
2025-11-24 19:45:28,240.0,0.0,0.0,1
2025-11-24 19:45:30,238.0,0.0,0.0,1
2025-11-24 19:45:32,215.0,0.0,0.0,1
2025-11-24 19:45:34,240.0,0.0,0.0,1
2025-11-24 19:45:36,231.0,0.0,0.0,1
2025-11-24 19:45:38,229.0,0.0,0.0,1
2025-11-24 19:45:40,221.0,0.0,0.0,1
2025-11-24 19:45:42,236.0,0.0,0.0,1
2025-11-24 19:45:45,226.0,0.0,0.0,1
2025-11-24 19:45:47,220.0,0.0,0.0,1
2025-11-24 19:45:49,215.0,0.0,0.0,1
2025-11-24 19:45:51,226.0,0.0,0.0,1
2025-11-24 19:45:53,225.0,0.0,0.0,1
2025-11-24 19:45:55,219.0,0.0,0.0,1
2025-11-24 19:45:57,249.0,0.0,0.0,1
2025-11-24 19:45:59,246.0,0.0,0.0,1
2025-11-24 19:46:01,234.0,0.0,0.0,1
2025-11-24 19:46:03,223.0,0.0,0.0,1
2025-11-24 19:46:05,218.0,0.0,0.0,1
2025-11-24 19:46:08,209.0,0.0,0.0,1
2025-11-24 19:46:10,218.0,0.0,0.0,1
2025-11-24 19:46:12,189.0,0.0,0.0,0
2025-11-24 19:46:14,214.0,0.0,0.0,1
2025-11-24 19:46:16,210.0,0.0,0.0,1
2025-11-24 19:46:18,215.0,0.0,0.0,1
2025-11-24 19:46:20,222.0,0.0,0.0,1
2025-11-24 19:46:22,209.0,0.0,0.0,1
2025-11-24 19:46:24,208.0,0.0,0.0,1
2025-11-24 19:46:26,201.0,0.0,0.0,1
2025-11-24 19:46:29,208.0,0.0,0.0,1
2025-11-24 19:46:31,204.0,0.0,0.0,1
2025-11-25 14:29:34,172.0,0.0,0.0,0
2025-11-25 14:29:37,173.0,0.0,0.0,0
2025-11-25 14:29:39,174.0,0.0,0.0,0
2025-11-25 14:29:41,162.0,0.0,0.0,0
2025-11-25 14:29:43,163.0,0.0,0.0,0
2025-11-25 14:29:45,167.0,0.0,0.0,0
2025-11-25 14:29:47,170.0,0.0,0.0,0
2025-11-25 14:29:49,168.0,0.0,0.0,0
2025-11-25 14:29:51,166.0,0.0,0.0,0
2025-11-25 14:29:53,160.0,0.0,0.0,0
2025-11-25 14:29:55,155.0,0.0,0.0,0
2025-11-25 14:29:57,144.0,0.0,0.0,0
2025-11-25 14:30:00,164.0,0.0,0.0,0
2025-11-25 14:30:02,164.0,0.0,0.0,0
2025-11-25 14:30:04,161.0,0.0,0.0,0
2025-11-25 14:30:06,159.0,0.0,0.0,0
2025-11-25 14:30:08,171.0,0.0,0.0,0
2025-11-25 14:30:10,164.0,0.0,0.0,0
2025-11-25 14:30:12,166.0,0.0,0.0,0
2025-11-25 14:30:14,161.0,0.0,0.0,0
2025-11-25 14:30:16,159.0,0.0,0.0,0
2025-11-25 14:30:18,160.0,0.0,0.0,0
2025-11-25 14:30:20,170.0,0.0,0.0,0
2025-11-25 14:30:23,161.0,0.0,0.0,0
2025-11-25 14:30:25,161.0,0.0,0.0,0
2025-11-25 14:30:27,167.0,0.0,0.0,0
2025-11-25 14:30:29,168.0,0.0,0.0,0
2025-11-25 14:30:31,165.0,0.0,0.0,0
2025-11-25 14:30:33,157.0,0.0,0.0,0
2025-11-25 14:30:35,164.0,0.0,0.0,0
2025-11-25 14:30:37,170.0,0.0,0.0,0
2025-11-25 14:30:39,160.0,0.0,0.0,0
2025-11-25 14:30:41,154.0,0.0,0.0,0
2025-11-25 14:30:44,163.0,0.0,0.0,0
2025-11-25 14:30:46,159.0,0.0,0.0,0
2025-11-25 14:30:48,150.0,0.0,0.0,0
2025-11-25 14:30:50,160.0,0.0,0.0,0
2025-11-25 14:30:52,155.0,0.0,0.0,0
2025-11-25 14:30:54,165.0,0.0,0.0,0
2025-11-25 14:30:56,147.0,0.0,0.0,0
2025-11-25 14:30:58,165.0,0.0,0.0,0
2025-11-25 14:31:00,163.0,0.0,0.0,0
2025-11-25 14:31:02,153.0,0.0,0.0,0
2025-11-25 14:31:04,155.0,0.0,0.0,0
2025-11-25 14:31:07,154.0,0.0,0.0,0
2025-11-25 14:31:09,151.0,0.0,0.0,0
2025-11-25 14:31:11,154.0,0.0,0.0,0
2025-11-25 14:31:13,160.0,0.0,0.0,0
2025-11-25 14:31:15,165.0,0.0,0.0,0
2025-11-25 14:31:17,160.0,0.0,0.0,0
2025-11-25 14:31:19,154.0,0.0,0.0,0
2025-11-25 14:31:21,133.0,0.0,0.0,0
2025-11-25 14:31:23,149.0,0.0,0.0,0
2025-11-25 14:31:25,161.0,0.0,0.0,0
2025-11-25 14:31:27,158.0,0.0,0.0,0
2025-11-25 14:31:30,176.0,0.0,0.0,0
2025-11-25 14:31:32,157.0,0.0,0.0,0
2025-11-25 14:31:34,160.0,0.0,0.0,0
2025-11-25 14:31:36,150.0,0.0,0.0,0
2025-11-25 14:31:38,158.0,0.0,0.0,0
2025-11-25 14:31:40,173.0,0.0,0.0,0
2025-11-25 14:31:42,159.0,0.0,0.0,0
2025-11-25 14:31:44,165.0,0.0,0.0,0
2025-11-25 14:31:46,155.0,0.0,0.0,0
2025-11-25 14:31:48,161.0,0.0,0.0,0
2025-11-25 14:31:50,155.0,0.0,0.0,0
2025-11-25 14:31:53,173.0,0.0,0.0,0
2025-11-25 14:31:55,166.0,0.0,0.0,0
2025-11-25 14:31:57,155.0,0.0,0.0,0
2025-11-25 14:31:59,159.0,0.0,0.0,0
2025-11-25 14:32:01,157.0,0.0,0.0,0
2025-11-25 14:32:03,157.0,0.0,0.0,0
2025-11-25 14:32:05,144.0,0.0,0.0,0
2025-11-25 14:32:07,144.0,0.0,0.0,0
2025-11-25 14:32:09,154.0,0.0,0.0,0
2025-11-25 14:32:11,156.0,0.0,0.0,0
2025-11-25 14:32:14,149.0,0.0,0.0,0
2025-11-25 14:32:16,158.0,0.0,0.0,0
2025-11-25 14:32:18,153.0,0.0,0.0,0
2025-11-25 14:32:20,150.0,0.0,0.0,0
2025-11-25 14:32:22,150.0,0.0,0.0,0
2025-11-25 14:32:24,164.0,0.0,0.0,0
2025-11-25 14:32:26,153.0,0.0,0.0,0
2025-11-25 14:32:28,152.0,0.0,0.0,0
2025-11-25 14:32:30,153.0,0.0,0.0,0
2025-11-25 14:32:32,153.0,0.0,0.0,0
2025-11-25 14:32:34,146.0,0.0,0.0,0
2025-11-25 14:32:37,153.0,0.0,0.0,0
2025-11-25 14:32:39,146.0,0.0,0.0,0
2025-11-25 14:32:41,156.0,0.0,0.0,0
2025-11-25 14:32:43,144.0,0.0,0.0,0
2025-11-25 14:32:45,156.0,0.0,0.0,0
2025-11-25 14:32:47,156.0,0.0,0.0,0
2025-11-25 14:32:49,144.0,0.0,0.0,0
2025-11-25 14:32:51,144.0,0.0,0.0,0
2025-11-25 14:32:53,154.0,0.0,0.0,0
2025-11-25 14:32:55,150.0,0.0,0.0,0
2025-11-25 14:32:57,144.0,0.0,0.0,0
2025-11-25 14:33:00,147.0,0.0,0.0,0
2025-11-25 14:33:02,142.0,0.0,0.0,0
2025-11-25 14:33:04,144.0,0.0,0.0,0
2025-11-25 14:33:06,150.0,0.0,0.0,0
2025-11-25 14:33:08,155.0,0.0,0.0,0
2025-11-25 14:33:10,155.0,0.0,0.0,0
2025-11-25 14:33:12,144.0,0.0,0.0,0
2025-11-25 14:33:14,158.0,0.0,0.0,0
2025-11-25 14:33:16,158.0,0.0,0.0,0
2025-11-25 14:33:18,139.0,0.0,0.0,0
2025-11-25 14:33:20,146.0,0.0,0.0,0
2025-11-25 14:33:23,154.0,0.0,0.0,0
2025-11-25 14:33:25,149.0,0.0,0.0,0
2025-11-25 14:33:27,148.0,0.0,0.0,0
2025-11-25 14:33:29,156.0,0.0,0.0,0
2025-11-25 14:33:31,144.0,0.0,0.0,0
2025-11-25 14:33:33,150.0,0.0,0.0,0
2025-11-25 14:33:35,148.0,0.0,0.0,0
2025-11-25 14:33:37,151.0,0.0,0.0,0
2025-11-25 14:33:39,155.0,0.0,0.0,0
2025-11-25 14:33:41,146.0,0.0,0.0,0
2025-11-25 14:33:44,144.0,0.0,0.0,0
2025-11-25 14:33:46,156.0,0.0,0.0,0
2025-11-25 14:33:48,142.0,0.0,0.0,0
2025-11-25 14:33:50,147.0,0.0,0.0,0
2025-11-25 14:33:52,156.0,0.0,0.0,0
2025-11-25 14:33:54,152.0,0.0,0.0,0
2025-11-25 14:33:56,153.0,0.0,0.0,0
2025-11-25 14:33:58,151.0,0.0,0.0,0
2025-11-25 14:34:00,152.0,0.0,0.0,0
2025-11-25 14:34:02,144.0,0.0,0.0,0
2025-11-25 14:34:04,140.0,0.0,0.0,0
2025-11-25 14:34:07,147.0,0.0,0.0,0
2025-11-25 14:34:09,144.0,0.0,0.0,0
2025-11-25 14:34:11,144.0,0.0,0.0,0
2025-11-25 14:34:13,151.0,0.0,0.0,0
2025-11-25 14:34:15,154.0,0.0,0.0,0
2025-11-25 14:34:17,146.0,0.0,0.0,0
2025-11-25 14:34:19,143.0,0.0,0.0,0
2025-11-25 14:34:21,144.0,0.0,0.0,0
2025-11-25 14:34:23,144.0,0.0,0.0,0
2025-11-25 14:34:25,153.0,0.0,0.0,0
2025-11-25 14:34:27,145.0,0.0,0.0,0
2025-11-25 14:34:30,145.0,0.0,0.0,0
2025-11-25 14:34:32,143.0,0.0,0.0,0
2025-11-25 14:34:34,145.0,0.0,0.0,0
2025-11-25 14:34:36,155.0,0.0,0.0,0
2025-11-25 14:34:38,149.0,0.0,0.0,0
2025-11-25 14:34:40,146.0,0.0,0.0,0
2025-11-25 14:34:42,144.0,0.0,0.0,0
2025-11-25 14:34:44,147.0,0.0,0.0,0
2025-11-25 14:34:46,149.0,0.0,0.0,0
2025-11-25 14:34:48,147.0,0.0,0.0,0
2025-11-25 14:34:50,147.0,0.0,0.0,0
2025-11-25 14:34:53,153.0,0.0,0.0,0
2025-11-25 14:34:55,150.0,0.0,0.0,0
2025-11-25 14:34:57,144.0,0.0,0.0,0
2025-11-25 14:34:59,147.0,0.0,0.0,0
2025-11-25 14:35:01,170.0,0.0,0.0,0
2025-11-25 14:35:03,146.0,0.0,0.0,0
2025-11-25 14:35:05,159.0,0.0,0.0,0
2025-11-25 14:35:07,144.0,0.0,0.0,0
2025-11-25 14:35:09,155.0,0.0,0.0,0
2025-11-25 14:35:11,143.0,0.0,0.0,0
2025-11-25 14:35:14,155.0,0.0,0.0,0
2025-11-25 14:35:16,149.0,0.0,0.0,0
2025-11-25 14:35:18,147.0,0.0,0.0,0
2025-11-25 14:35:20,138.0,0.0,0.0,0
2025-11-25 14:35:22,149.0,0.0,0.0,0
2025-11-25 14:35:24,144.0,0.0,0.0,0
2025-11-25 14:35:26,144.0,0.0,0.0,0
2025-11-25 14:35:28,144.0,0.0,0.0,0
2025-11-25 14:35:30,154.0,0.0,0.0,0
2025-11-25 14:35:32,144.0,0.0,0.0,0
2025-11-25 14:35:34,148.0,0.0,0.0,0
2025-11-25 14:35:37,144.0,0.0,0.0,0
2025-11-25 14:35:39,145.0,0.0,0.0,0
2025-11-25 14:35:41,160.0,0.0,0.0,0
2025-11-25 14:35:43,151.0,0.0,0.0,0
2025-11-25 14:35:45,146.0,0.0,0.0,0
2025-11-25 14:35:47,149.0,0.0,0.0,0
2025-11-25 14:35:49,145.0,0.0,0.0,0
2025-11-25 14:35:51,145.0,0.0,0.0,0
2025-11-25 14:35:53,144.0,0.0,0.0,0
2025-11-25 14:35:55,143.0,0.0,0.0,0
2025-11-25 14:35:57,148.0,0.0,0.0,0
2025-11-25 14:36:00,150.0,0.0,0.0,0
2025-11-25 14:36:02,147.0,0.0,0.0,0
2025-11-25 14:36:04,135.0,0.0,0.0,0
2025-11-25 14:36:06,144.0,0.0,0.0,0
2025-11-25 14:36:08,161.0,0.0,0.0,0
2025-11-25 14:36:10,153.0,0.0,0.0,0
2025-11-25 14:36:12,144.0,0.0,0.0,0
2025-11-25 14:36:14,150.0,0.0,0.0,0
2025-11-25 14:36:16,140.0,0.0,0.0,0
2025-11-25 14:36:18,149.0,0.0,0.0,0
2025-11-25 14:36:20,144.0,0.0,0.0,0
2025-11-25 14:36:23,144.0,0.0,0.0,0
2025-11-25 14:36:25,139.0,0.0,0.0,0
2025-11-25 14:36:27,152.0,0.0,0.0,0
2025-11-25 14:36:29,163.0,0.0,0.0,0
2025-11-25 14:36:31,160.0,0.0,0.0,0
2025-11-25 14:36:33,146.0,0.0,0.0,0
2025-11-25 14:36:35,153.0,0.0,0.0,0
2025-11-25 14:36:37,146.0,0.0,0.0,0
2025-11-25 14:36:39,146.0,0.0,0.0,0
2025-11-25 14:36:41,152.0,0.0,0.0,0
2025-11-25 14:36:44,149.0,0.0,0.0,0
2025-11-25 14:36:46,160.0,0.0,0.0,0
2025-11-25 14:36:48,146.0,0.0,0.0,0
2025-11-25 14:36:50,144.0,0.0,0.0,0
2025-11-25 14:36:52,146.0,0.0,0.0,0
2025-11-25 14:36:54,144.0,0.0,0.0,0
2025-11-25 14:36:56,146.0,0.0,0.0,0
2025-11-25 14:36:58,142.0,0.0,0.0,0
2025-11-25 14:37:00,150.0,0.0,0.0,0
2025-11-25 14:37:02,146.0,0.0,0.0,0
2025-11-25 14:37:04,145.0,0.0,0.0,0
2025-11-25 14:37:07,147.0,0.0,0.0,0
2025-11-25 14:37:09,144.0,0.0,0.0,0
2025-11-25 14:37:11,147.0,0.0,0.0,0
2025-11-25 14:37:13,157.0,0.0,0.0,0
2025-11-25 14:37:15,145.0,0.0,0.0,0
2025-11-25 14:37:17,147.0,0.0,0.0,0
2025-11-25 14:37:19,149.0,0.0,0.0,0
2025-11-25 14:37:21,153.0,0.0,0.0,0
2025-11-25 14:37:23,147.0,0.0,0.0,0
2025-11-25 14:37:25,146.0,0.0,0.0,0
2025-11-25 14:37:27,144.0,0.0,0.0,0
2025-11-25 14:37:30,144.0,0.0,0.0,0
2025-11-25 14:37:32,144.0,0.0,0.0,0
2025-11-25 14:37:34,144.0,0.0,0.0,0
2025-11-25 14:37:36,140.0,0.0,0.0,0
2025-11-25 14:37:38,149.0,0.0,0.0,0
2025-11-25 14:37:40,144.0,0.0,0.0,0
2025-11-25 14:37:42,144.0,0.0,0.0,0
2025-11-25 14:37:44,144.0,0.0,0.0,0
2025-11-25 14:37:46,145.0,0.0,0.0,0
2025-11-25 14:37:48,150.0,0.0,0.0,0
2025-11-25 14:37:50,153.0,0.0,0.0,0
2025-11-25 14:37:53,150.0,0.0,0.0,0
2025-11-25 14:37:55,159.0,0.0,0.0,0
2025-11-25 14:37:57,148.0,0.0,0.0,0
2025-11-25 14:37:59,144.0,0.0,0.0,0
2025-11-25 14:38:01,144.0,0.0,0.0,0
2025-11-25 14:38:03,153.0,0.0,0.0,0
2025-11-25 14:38:05,160.0,0.0,0.0,0
2025-11-25 14:38:07,144.0,0.0,0.0,0
2025-11-25 14:38:09,149.0,0.0,0.0,0
2025-11-25 14:38:11,144.0,0.0,0.0,0
2025-11-25 14:38:14,146.0,0.0,0.0,0
2025-11-25 14:38:16,158.0,0.0,0.0,0
2025-11-25 14:38:18,154.0,0.0,0.0,0
2025-11-25 14:38:20,139.0,0.0,0.0,0
2025-11-25 14:38:22,144.0,0.0,0.0,0
2025-11-25 14:38:24,139.0,0.0,0.0,0
2025-11-25 14:38:26,144.0,0.0,0.0,0
2025-11-25 14:38:28,146.0,0.0,0.0,0
2025-11-25 14:38:30,147.0,0.0,0.0,0
2025-11-25 14:38:32,151.0,0.0,0.0,0
2025-11-25 14:38:34,161.0,0.0,0.0,0
2025-11-25 14:38:37,144.0,0.0,0.0,0
2025-11-25 14:38:39,144.0,0.0,0.0,0
2025-11-25 14:38:41,157.0,0.0,0.0,0
2025-11-25 14:38:43,144.0,0.0,0.0,0
2025-11-25 14:38:45,142.0,0.0,0.0,0
2025-11-25 14:38:47,144.0,0.0,0.0,0
2025-11-25 14:38:49,147.0,0.0,0.0,0
2025-11-25 14:38:51,144.0,0.0,0.0,0
2025-11-25 14:38:53,150.0,0.0,0.0,0
2025-11-25 14:38:55,144.0,0.0,0.0,0
2025-11-25 14:38:57,149.0,0.0,0.0,0
2025-11-25 14:39:00,143.0,0.0,0.0,0
2025-11-25 14:39:02,146.0,0.0,0.0,0
2025-11-25 14:39:04,119.0,0.0,0.0,0
2025-11-25 14:39:06,141.0,0.0,0.0,0
2025-11-25 14:39:08,156.0,0.0,0.0,0
2025-11-25 14:39:10,147.0,0.0,0.0,0
2025-11-25 14:39:12,144.0,0.0,0.0,0
2025-11-25 14:39:14,153.0,0.0,0.0,0
2025-11-25 14:39:16,143.0,0.0,0.0,0
2025-11-25 14:39:18,144.0,0.0,0.0,0
2025-11-25 14:39:20,145.0,0.0,0.0,0
2025-11-25 14:39:23,149.0,0.0,0.0,0
2025-11-25 14:39:25,150.0,0.0,0.0,0
2025-11-25 14:39:27,151.0,0.0,0.0,0
2025-11-25 14:39:29,149.0,0.0,0.0,0
2025-11-25 14:39:31,155.0,0.0,0.0,0
2025-11-25 14:39:33,144.0,0.0,0.0,0
2025-11-25 14:39:35,151.0,0.0,0.0,0
2025-11-25 14:39:37,154.0,0.0,0.0,0
2025-11-25 14:39:39,151.0,0.0,0.0,0
2025-11-25 14:39:41,147.0,0.0,0.0,0
2025-11-25 14:39:44,148.0,0.0,0.0,0
2025-11-25 14:39:46,154.0,0.0,0.0,0
2025-11-25 14:39:48,155.0,0.0,0.0,0
2025-11-25 14:39:50,145.0,0.0,0.0,0
2025-11-25 14:39:52,142.0,0.0,0.0,0
2025-11-25 14:39:54,140.0,0.0,0.0,0
2025-11-25 14:39:56,144.0,0.0,0.0,0
2025-11-25 14:39:58,144.0,0.0,0.0,0
2025-11-25 14:40:00,148.0,0.0,0.0,0
2025-11-25 14:40:02,145.0,0.0,0.0,0
2025-11-25 14:40:04,143.0,0.0,0.0,0
2025-11-25 14:40:07,137.0,0.0,0.0,0
2025-11-25 14:40:09,147.0,0.0,0.0,0
2025-11-25 14:40:11,151.0,0.0,0.0,0
2025-11-25 14:40:13,144.0,0.0,0.0,0
2025-11-25 14:40:15,150.0,0.0,0.0,0
2025-11-25 14:40:17,176.0,0.0,0.0,0
2025-11-25 14:40:19,155.0,0.0,0.0,0
2025-11-25 22:29:45,238.0,25.0,50.0,1
2025-11-25 22:29:45,238.0,25.0,50.0,1
2025-11-25 22:29:45,238.0,25.0,50.0,1
2025-11-25 22:29:45,238.0,25.0,50.0,1
2025-11-25 22:29:45,238.0,25.0,50.0,1
2025-11-25 22:29:45,238.0,25.0,50.0,1
2025-11-25 22:29:46,238.0,25.0,50.0,1
2025-11-25 22:29:46,238.0,25.0,50.0,1
2025-11-25 22:29:46,238.0,25.0,50.0,1
2025-11-25 22:29:46,238.0,25.0,50.0,1
2025-11-25 22:29:46,238.0,25.0,50.0,1
2025-11-25 22:29:46,238.0,25.0,50.0,1
2025-11-25 22:29:46,238.0,25.0,50.0,1
2025-11-25 22:29:46,238.0,25.0,50.0,1
2025-11-25 22:29:46,238.0,25.0,50.0,1
2025-11-25 22:29:46,238.0,25.0,50.0,1
2025-11-25 22:29:46,238.0,25.0,50.0,1
2025-11-25 22:29:46,238.0,25.0,50.0,1
2025-11-25 22:29:46,238.0,25.0,50.0,1
2025-11-25 22:29:47,238.0,25.0,50.0,1
2025-11-25 22:29:47,238.0,25.0,50.0,1
2025-11-25 22:29:47,238.0,25.0,50.0,1
2025-11-25 22:29:47,238.0,25.0,50.0,1
2025-11-25 22:29:47,238.0,25.0,50.0,1
2025-11-25 22:29:47,238.0,25.0,50.0,1
2025-11-25 22:29:50,237.0,25.0,50.0,1
2025-11-25 22:29:52,229.0,25.0,50.0,1
2025-11-25 22:29:54,236.0,25.0,50.0,1
2025-11-25 22:29:56,230.0,25.0,50.0,1
2025-11-25 22:29:58,240.0,25.0,50.0,1
2025-11-25 22:30:00,227.0,25.0,50.0,1
2025-11-25 22:30:02,237.0,25.0,50.0,1
2025-11-25 22:30:04,235.0,25.0,50.0,1
2025-11-25 22:30:06,234.0,25.0,50.0,1
2025-11-25 22:30:08,240.0,25.0,50.0,1
2025-11-25 22:30:10,234.0,25.0,50.0,1
2025-11-25 22:30:12,233.0,25.0,50.0,1
2025-11-25 22:30:14,240.0,25.0,50.0,1
2025-11-25 22:30:16,240.0,25.0,50.0,1
2025-11-25 22:30:18,231.0,25.0,50.0,1
2025-11-25 22:30:20,233.0,25.0,50.0,1
2025-11-25 22:30:22,240.0,25.0,50.0,1
2025-11-25 22:30:24,240.0,25.0,50.0,1
2025-11-25 22:30:26,240.0,25.0,50.0,1
2025-11-25 22:30:28,267.0,25.0,50.0,1
2025-11-25 22:30:30,326.0,25.0,50.0,1
2025-11-25 22:30:32,257.0,25.0,50.0,1
2025-11-25 22:30:34,256.0,25.0,50.0,1
2025-11-25 22:30:36,271.0,25.0,50.0,1
2025-11-25 22:30:38,238.0,25.0,50.0,1
2025-11-25 22:30:40,235.0,25.0,50.0,1
2025-11-25 22:30:42,227.0,25.0,50.0,1
2025-11-25 22:30:44,240.0,25.0,50.0,1
2025-11-25 22:30:46,240.0,25.0,50.0,1
2025-11-25 22:30:48,238.0,25.0,50.0,1
2025-11-25 22:30:50,239.0,25.0,50.0,1
2025-11-25 22:30:52,226.0,25.0,50.0,1
2025-11-25 22:30:54,240.0,25.0,50.0,1
2025-11-25 22:30:56,235.0,25.0,50.0,1
2025-11-25 22:30:58,226.0,25.0,50.0,1
2025-11-25 22:31:00,229.0,25.0,50.0,1
2025-11-25 22:31:02,247.0,25.0,50.0,1
2025-11-25 22:31:04,236.0,25.0,50.0,1
2025-11-25 22:31:06,236.0,25.0,50.0,1
2025-11-25 22:31:08,247.0,25.0,50.0,1
2025-11-25 22:31:10,237.0,25.0,50.0,1
2025-11-25 22:31:12,241.0,25.0,50.0,1
2025-11-25 22:31:14,236.0,25.0,50.0,1
2025-11-25 22:31:16,237.0,25.0,50.0,1
2025-11-25 22:31:18,238.0,25.0,50.0,1
2025-11-25 22:31:20,4095.0,25.0,50.0,5
2025-11-25 22:31:22,2741.0,25.0,50.0,5
2025-11-25 22:31:24,1776.0,25.0,50.0,4
2025-11-25 22:31:26,1160.0,25.0,50.0,3
2025-11-25 22:31:28,804.0,25.0,50.0,3
2025-11-25 22:31:30,647.0,25.0,50.0,2
2025-11-25 22:31:32,527.0,25.0,50.0,2
2025-11-25 22:31:34,496.0,25.0,50.0,2
2025-11-25 22:31:36,477.0,25.0,50.0,2
2025-11-25 22:31:38,730.0,25.0,50.0,2
2025-11-25 22:31:40,613.0,25.0,50.0,2
2025-11-25 22:31:42,691.0,25.0,50.0,2
2025-11-25 22:31:44,553.0,25.0,50.0,2
2025-11-25 22:31:46,714.0,25.0,50.0,2
2025-11-25 22:31:48,556.0,25.0,50.0,2
2025-11-25 22:31:50,660.0,25.0,50.0,2
2025-11-25 22:31:52,549.0,25.0,50.0,2
2025-11-25 22:31:54,415.0,25.0,50.0,2
2025-11-25 22:31:56,335.0,25.0,50.0,1
2025-11-25 22:31:58,1421.0,25.0,50.0,4
2025-11-25 22:32:00,1383.0,25.0,50.0,3
2025-11-25 22:32:02,908.0,25.0,50.0,3
2025-11-25 22:32:04,582.0,25.0,50.0,2
2025-11-25 22:32:06,4095.0,25.0,50.0,5
2025-11-25 22:32:08,4095.0,25.0,50.0,5
2025-11-25 22:32:10,2990.0,25.0,50.0,5
2025-11-25 22:32:12,2295.0,25.0,50.0,4
2025-11-25 22:32:14,1673.0,25.0,50.0,4
2025-11-25 22:32:16,1319.0,25.0,50.0,3
2025-11-25 22:32:18,957.0,25.0,50.0,3
2025-11-25 22:32:20,720.0,25.0,50.0,2
2025-11-25 22:32:22,624.0,25.0,50.0,2
2025-11-25 22:32:24,574.0,25.0,50.0,2
2025-11-25 22:32:26,541.0,25.0,50.0,2
2025-11-25 22:32:28,511.0,25.0,50.0,2
2025-11-25 22:32:30,478.0,25.0,50.0,2
2025-11-25 22:32:32,453.0,25.0,50.0,2
2025-11-25 22:32:34,436.0,25.0,50.0,2
2025-11-25 22:32:36,432.0,25.0,50.0,2
2025-11-25 22:32:38,409.0,25.0,50.0,2
2025-11-25 22:32:40,400.0,25.0,50.0,1
2025-11-25 22:32:42,384.0,25.0,50.0,1
2025-11-25 22:32:44,378.0,25.0,50.0,1
2025-11-25 22:32:46,375.0,25.0,50.0,1
2025-11-25 22:32:48,347.0,25.0,50.0,1
2025-11-25 22:32:50,351.0,25.0,50.0,1
2025-11-25 22:32:52,375.0,25.0,50.0,1
2025-11-25 22:32:54,389.0,25.0,50.0,1
2025-11-25 22:32:56,360.0,25.0,50.0,1
2025-11-25 22:32:58,346.0,25.0,50.0,1
2025-11-25 22:33:00,341.0,25.0,50.0,1
2025-11-25 22:33:02,333.0,25.0,50.0,1
2025-11-25 22:33:04,349.0,25.0,50.0,1
2025-11-25 22:33:06,322.0,25.0,50.0,1
2025-11-25 22:38:07,208.0,25.0,50.0,1
2025-11-25 22:38:09,218.0,25.0,50.0,1
2025-11-25 22:38:11,219.0,25.0,50.0,1
2025-11-25 22:38:13,227.0,25.0,50.0,1
2025-11-25 22:38:15,206.0,25.0,50.0,1
2025-11-25 22:38:17,210.0,25.0,50.0,1
2025-11-25 22:38:19,209.0,25.0,50.0,1
2025-11-25 22:38:21,213.0,25.0,50.0,1
2025-11-25 22:38:23,213.0,25.0,50.0,1
2025-11-25 22:38:25,215.0,25.0,50.0,1
2025-11-25 22:38:27,208.0,25.0,50.0,1
2025-11-25 22:38:29,208.0,25.0,50.0,1
2025-11-25 22:38:31,217.0,25.0,50.0,1
2025-11-25 22:38:33,212.0,25.0,50.0,1
2025-11-25 22:38:35,220.0,25.0,50.0,1
2025-11-25 22:38:37,208.0,25.0,50.0,1
2025-11-25 22:38:39,215.0,25.0,50.0,1
2025-11-25 22:38:41,208.0,25.0,50.0,1
2025-11-25 22:38:43,226.0,25.0,50.0,1
2025-11-25 22:38:45,225.0,25.0,50.0,1
2025-11-25 22:38:47,218.0,25.0,50.0,1
2025-11-25 22:38:49,213.0,25.0,50.0,1
2025-11-25 22:38:51,210.0,25.0,50.0,1
2025-11-25 22:38:53,224.0,25.0,50.0,1
2025-11-25 22:38:56,240.0,25.0,50.0,1
2025-11-25 22:38:58,219.0,25.0,50.0,1
2025-11-25 22:39:00,225.0,25.0,50.0,1
2025-11-25 22:39:02,220.0,25.0,50.0,1
2025-11-25 22:39:04,218.0,25.0,50.0,1
2025-11-25 22:39:06,224.0,25.0,50.0,1
2025-11-25 22:39:08,228.0,25.0,50.0,1
2025-11-25 22:39:10,209.0,25.0,50.0,1
2025-11-25 22:39:12,214.0,25.0,50.0,1
2025-11-25 22:39:14,229.0,25.0,50.0,1
2025-11-25 22:39:16,220.0,25.0,50.0,1
2025-11-25 22:39:18,213.0,25.0,50.0,1
2025-11-25 22:39:20,211.0,25.0,50.0,1
2025-11-25 22:39:22,207.0,25.0,50.0,1
2025-11-25 22:39:24,215.0,25.0,50.0,1
2025-11-25 22:39:26,208.0,25.0,50.0,1
2025-11-25 22:39:28,215.0,25.0,50.0,1
2025-11-25 22:39:30,209.0,25.0,50.0,1
2025-11-25 22:39:32,214.0,25.0,50.0,1
2025-11-25 22:39:34,220.0,25.0,50.0,1
2025-11-25 22:39:36,223.0,25.0,50.0,1
2025-11-25 22:39:38,218.0,25.0,50.0,1
2025-11-25 22:39:40,214.0,25.0,50.0,1
2025-11-25 22:39:42,214.0,25.0,50.0,1
2025-11-25 22:39:44,208.0,25.0,50.0,1
2025-11-25 22:39:46,219.0,25.0,50.0,1
2025-11-25 22:39:48,221.0,25.0,50.0,1
2025-11-25 22:39:50,213.0,25.0,50.0,1
2025-11-25 22:39:52,221.0,25.0,50.0,1
2025-11-25 22:39:54,208.0,25.0,50.0,1
2025-11-25 22:39:56,213.0,25.0,50.0,1
2025-11-25 22:39:58,219.0,25.0,50.0,1
2025-11-25 22:40:00,221.0,25.0,50.0,1
2025-11-25 22:40:02,209.0,25.0,50.0,1
2025-11-25 22:40:04,217.0,25.0,50.0,1
2025-11-25 22:40:06,2608.0,25.0,50.0,5
2025-11-25 22:40:08,3854.0,25.0,50.0,5
2025-11-25 22:40:10,2384.0,25.0,50.0,4
2025-11-25 22:40:12,1585.0,25.0,50.0,4
2025-11-25 22:40:14,1158.0,25.0,50.0,3
2025-11-25 22:40:16,939.0,25.0,50.0,3
2025-11-25 22:40:18,742.0,25.0,50.0,2
2025-11-25 22:40:20,619.0,25.0,50.0,2
2025-11-25 22:40:22,509.0,25.0,50.0,2
2025-11-25 22:40:24,444.0,25.0,50.0,2
2025-11-25 22:40:26,389.0,25.0,50.0,1
2025-11-25 22:40:28,362.0,25.0,50.0,1
2025-11-25 22:40:30,336.0,25.0,50.0,1
2025-11-25 22:40:32,336.0,25.0,50.0,1
2025-11-25 22:40:34,304.0,25.0,50.0,1
2025-11-25 22:40:36,304.0,25.0,50.0,1
2025-11-25 22:40:38,277.0,25.0,50.0,1
2025-11-25 22:40:40,294.0,25.0,50.0,1
2025-11-25 22:40:42,274.0,25.0,50.0,1
2025-11-25 22:40:44,272.0,25.0,50.0,1
2025-11-25 22:40:46,248.0,25.0,50.0,1
2025-11-25 22:40:48,269.0,25.0,50.0,1
2025-11-25 22:40:50,272.0,25.0,50.0,1
2025-11-25 22:40:52,261.0,25.0,50.0,1
2025-11-25 22:40:54,262.0,25.0,50.0,1
2025-11-25 22:40:56,245.0,25.0,50.0,1
2025-11-25 22:40:58,242.0,25.0,50.0,1
2025-11-25 22:41:00,1558.0,25.0,50.0,4
2025-11-25 22:41:02,4095.0,25.0,50.0,5
2025-11-25 22:41:04,4095.0,25.0,50.0,5
2025-11-25 22:41:06,4095.0,25.0,50.0,5
2025-11-25 22:41:08,2905.0,25.0,50.0,5
2025-11-25 22:41:10,1933.0,25.0,50.0,4
2025-11-25 22:41:12,1411.0,25.0,50.0,4
2025-11-25 22:41:14,1099.0,25.0,50.0,3
2025-11-25 22:41:16,871.0,25.0,50.0,3
2025-11-25 22:41:18,739.0,25.0,50.0,2
2025-11-25 22:41:20,663.0,25.0,50.0,2
2025-11-25 22:41:22,623.0,25.0,50.0,2
2025-11-25 22:41:24,576.0,25.0,50.0,2
2025-11-25 22:41:26,560.0,25.0,50.0,2
2025-11-25 22:41:28,528.0,25.0,50.0,2
2025-11-25 22:41:30,510.0,25.0,50.0,2
2025-11-25 22:41:32,487.0,25.0,50.0,2
2025-11-25 22:41:34,475.0,25.0,50.0,2
2025-11-25 22:41:36,464.0,25.0,50.0,2
2025-11-25 22:41:38,452.0,25.0,50.0,2
2025-11-25 22:41:40,449.0,25.0,50.0,2
2025-11-25 22:41:42,4095.0,25.0,50.0,5
2025-11-25 22:41:44,4095.0,25.0,50.0,5
2025-11-25 22:41:46,4095.0,25.0,50.0,5
2025-11-25 22:41:48,4095.0,25.0,50.0,5
2025-11-25 22:41:50,2640.0,25.0,50.0,5
2025-11-25 22:41:52,1968.0,25.0,50.0,4
2025-11-25 22:41:54,1601.0,25.0,50.0,4
2025-11-25 22:41:56,1423.0,25.0,50.0,4
2025-11-25 22:41:58,1504.0,25.0,50.0,4
2025-11-25 22:42:00,1177.0,25.0,50.0,3
2025-11-25 22:42:02,894.0,25.0,50.0,3
2025-11-25 22:42:04,761.0,25.0,50.0,2
2025-11-25 22:42:06,697.0,25.0,50.0,2
2025-11-25 22:42:08,640.0,25.0,50.0,2
2025-11-25 22:42:10,605.0,25.0,50.0,2
2025-11-25 22:42:12,589.0,25.0,50.0,2
2025-11-25 22:42:14,555.0,25.0,50.0,2
2025-11-25 22:42:16,538.0,25.0,50.0,2
2025-11-25 22:42:18,528.0,25.0,50.0,2
2025-11-25 22:42:20,494.0,25.0,50.0,2
2025-11-25 22:42:22,483.0,25.0,50.0,2
2025-11-25 22:42:24,465.0,25.0,50.0,2
2025-11-25 22:42:26,464.0,25.0,50.0,2
2025-11-25 22:42:28,448.0,25.0,50.0,2
2025-11-25 22:42:30,453.0,25.0,50.0,2
2025-11-25 22:42:32,448.0,25.0,50.0,2
2025-11-25 22:42:34,425.0,25.0,50.0,2
2025-11-25 22:42:36,417.0,25.0,50.0,2
2025-11-25 22:42:38,430.0,25.0,50.0,2
2025-11-25 22:42:40,411.0,25.0,50.0,2
2025-11-25 22:42:42,401.0,25.0,50.0,2
2025-11-25 22:42:44,395.0,25.0,50.0,1
2025-11-25 22:42:46,397.0,25.0,50.0,1
2025-11-25 22:42:48,395.0,25.0,50.0,1
2025-11-25 22:42:50,405.0,25.0,50.0,2
2025-11-25 22:42:52,390.0,25.0,50.0,1
2025-11-25 22:42:54,373.0,25.0,50.0,1
2025-11-25 22:42:56,363.0,25.0,50.0,1
2025-11-26 00:24:21,206.0,0.0,0.0,1
2025-11-26 00:24:21,206.0,0.0,0.0,1
2025-11-26 00:24:21,206.0,0.0,0.0,1
2025-11-26 00:24:21,206.0,0.0,0.0,1
2025-11-26 00:24:21,206.0,0.0,0.0,1
2025-11-26 00:24:21,206.0,0.0,0.0,1
2025-11-26 00:24:21,206.0,0.0,0.0,1
2025-11-26 00:24:21,206.0,0.0,0.0,1
2025-11-26 00:24:22,206.0,0.0,0.0,1
2025-11-26 00:24:22,206.0,0.0,0.0,1
2025-11-26 00:24:22,206.0,0.0,0.0,1
2025-11-26 00:24:22,206.0,0.0,0.0,1
2025-11-26 00:24:22,206.0,0.0,0.0,1
2025-11-26 00:24:22,206.0,0.0,0.0,1
2025-11-26 00:24:22,206.0,0.0,0.0,1
2025-11-26 00:24:22,206.0,0.0,0.0,1
2025-11-26 00:24:22,206.0,0.0,0.0,1
2025-11-26 00:24:22,206.0,0.0,0.0,1
2025-11-26 00:24:22,206.0,0.0,0.0,1
2025-11-26 00:24:22,206.0,0.0,0.0,1
2025-11-26 00:24:22,206.0,0.0,0.0,1
2025-11-26 00:24:23,206.0,0.0,0.0,1
2025-11-26 00:24:23,206.0,0.0,0.0,1
2025-11-26 00:24:23,206.0,0.0,0.0,1
2025-11-26 00:24:23,206.0,0.0,0.0,1
2025-11-26 00:24:23,206.0,0.0,0.0,1
2025-11-26 00:24:23,206.0,0.0,0.0,1
2025-11-26 00:24:23,206.0,0.0,0.0,1
2025-11-26 00:24:23,206.0,0.0,0.0,1
2025-11-26 00:24:23,206.0,0.0,0.0,1
2025-11-26 00:24:23,206.0,0.0,0.0,1
2025-11-26 00:24:23,206.0,0.0,0.0,1
2025-11-26 00:24:23,206.0,0.0,0.0,1
2025-11-26 00:24:23,206.0,0.0,0.0,1
2025-11-26 00:24:23,206.0,0.0,0.0,1
2025-11-26 00:24:24,206.0,0.0,0.0,1
2025-11-26 00:24:24,206.0,0.0,0.0,1
2025-11-26 00:24:24,206.0,0.0,0.0,1
2025-11-26 00:24:24,206.0,0.0,0.0,1
2025-11-26 00:24:24,206.0,0.0,0.0,1
2025-11-26 00:24:24,206.0,0.0,0.0,1
2025-11-26 00:24:24,206.0,0.0,0.0,1
2025-11-26 00:24:25,210.0,0.0,0.0,1
2025-11-26 00:24:28,208.0,0.0,0.0,1
2025-11-26 00:24:30,3345.0,0.0,0.0,5
2025-11-26 00:24:32,4095.0,0.0,0.0,5
2025-11-26 00:24:34,3757.0,0.0,0.0,5
2025-11-26 00:24:36,2215.0,0.0,0.0,4
2025-11-26 00:24:38,1456.0,0.0,0.0,4
2025-11-26 00:24:40,1034.0,0.0,0.0,3
2025-11-26 00:24:42,782.0,0.0,0.0,2
2025-11-26 00:24:44,650.0,0.0,0.0,2
2025-11-26 00:24:46,586.0,0.0,0.0,2
2025-11-26 00:24:48,528.0,0.0,0.0,2
2025-11-26 00:24:51,489.0,0.0,0.0,2
2025-11-26 00:24:53,456.0,0.0,0.0,2
2025-11-26 00:24:55,432.0,0.0,0.0,2
2025-11-26 00:24:57,413.0,0.0,0.0,2
2025-11-26 00:24:59,400.0,0.0,0.0,1
2025-11-26 00:25:01,387.0,0.0,0.0,1
2025-11-26 00:25:03,369.0,0.0,0.0,1
2025-11-26 00:25:05,365.0,0.0,0.0,1
2025-11-26 00:25:07,354.0,0.0,0.0,1
2025-11-26 00:25:09,342.0,0.0,0.0,1
2025-11-26 00:25:12,345.0,0.0,0.0,1
2025-11-26 00:25:14,336.0,0.0,0.0,1
2025-11-26 00:25:16,320.0,0.0,0.0,1
2025-11-26 00:25:18,330.0,0.0,0.0,1
2025-11-26 00:25:20,310.0,0.0,0.0,1
2025-11-26 00:25:22,305.0,0.0,0.0,1
2025-11-26 00:25:24,314.0,0.0,0.0,1
2025-11-26 00:25:26,304.0,0.0,0.0,1
2025-11-26 00:25:28,269.0,0.0,0.0,1
2025-11-26 00:25:30,294.0,0.0,0.0,1
2025-11-26 00:25:33,301.0,0.0,0.0,1
2025-11-26 00:25:35,294.0,0.0,0.0,1
2025-11-26 00:33:20,544.0,25.0,50.0,2
2025-11-26 00:33:20,544.0,25.0,50.0,2
2025-11-26 00:33:20,544.0,25.0,50.0,2
2025-11-26 00:33:20,544.0,25.0,50.0,2
2025-11-26 00:33:20,544.0,25.0,50.0,2
2025-11-26 00:33:20,544.0,25.0,50.0,2
2025-11-26 00:33:20,544.0,25.0,50.0,2
2025-11-26 00:33:20,544.0,25.0,50.0,2
2025-11-26 00:33:20,544.0,25.0,50.0,2
2025-11-26 00:33:20,544.0,25.0,50.0,2
2025-11-26 00:33:20,544.0,25.0,50.0,2
2025-11-26 00:33:21,544.0,25.0,50.0,2
2025-11-26 00:33:21,544.0,25.0,50.0,2
2025-11-26 00:33:21,544.0,25.0,50.0,2
2025-11-26 00:33:21,544.0,25.0,50.0,2
2025-11-26 00:33:21,544.0,25.0,50.0,2
2025-11-26 00:33:21,544.0,25.0,50.0,2
2025-11-26 00:33:21,544.0,25.0,50.0,2
2025-11-26 00:33:21,544.0,25.0,50.0,2
2025-11-26 00:33:21,544.0,25.0,50.0,2
2025-11-26 00:33:21,544.0,25.0,50.0,2
2025-11-26 00:33:21,544.0,25.0,50.0,2
2025-11-26 00:33:21,544.0,25.0,50.0,2
2025-11-26 00:33:21,544.0,25.0,50.0,2
2025-11-26 00:33:22,544.0,25.0,50.0,2
2025-11-26 00:33:22,544.0,25.0,50.0,2
2025-11-26 00:33:22,544.0,25.0,50.0,2
2025-11-26 00:33:24,496.0,25.0,50.0,2
2025-11-26 00:33:26,490.0,25.0,50.0,2
2025-11-26 00:33:28,464.0,25.0,50.0,2
2025-11-26 00:33:30,459.0,25.0,50.0,2
2025-11-26 00:33:32,448.0,25.0,50.0,2
2025-11-26 00:33:34,448.0,25.0,50.0,2
2025-11-26 00:33:36,435.0,25.0,50.0,2
2025-11-26 00:33:38,432.0,25.0,50.0,2
2025-11-26 00:33:40,415.0,25.0,50.0,2
2025-11-26 00:33:42,415.0,25.0,50.0,2
2025-11-26 00:33:44,414.0,25.0,50.0,2
2025-11-26 00:33:46,400.0,25.0,50.0,1
2025-11-26 00:33:48,406.0,25.0,50.0,2
2025-11-26 00:33:50,389.0,25.0,50.0,1
2025-11-26 00:33:53,399.0,25.0,50.0,1
2025-11-26 00:33:55,385.0,25.0,50.0,1
2025-11-26 00:33:57,380.0,25.0,50.0,1
2025-11-26 00:33:59,375.0,25.0,50.0,1
2025-11-26 00:34:01,368.0,25.0,50.0,1
2025-11-26 00:34:03,367.0,25.0,50.0,1
2025-11-26 00:34:05,358.0,25.0,50.0,1
2025-11-26 00:34:07,351.0,25.0,50.0,1
2025-11-26 00:34:09,348.0,25.0,50.0,1
2025-11-26 00:34:11,358.0,25.0,50.0,1
2025-11-26 00:34:13,373.0,25.0,50.0,1
2025-11-26 00:34:15,365.0,25.0,50.0,1
